Function,Method,Start,Step,Iterations,Final x,Final y,Final f,Time (ms),Converged
Quadratic,Gradient Descent,"(1, 2)",0.001,4347,0.00017,0.00033,1.3800536076815703e-07,152.079,True
Quadratic,AdaGrad,"(1, 2)",0.001,100000,0.45117,1.40605,2.1805212896181474,5365.429,False
Quadratic,Adam,"(1, 2)",0.001,5169,0.0,0.0002,3.9022384664321026e-08,487.11,True
Quadratic,Gradient Descent,"(1, 2)",0.01,546,2e-05,3e-05,1.311730632238956e-09,22.614,True
Quadratic,AdaGrad,"(1, 2)",0.01,48601,0.0,0.01014,0.00010286634288356875,2876.748,True
Quadratic,Adam,"(1, 2)",0.01,780,0.0,4e-05,1.682845685399403e-09,59.443,True
Quadratic,Gradient Descent,"(1, 2)",0.1,61,0.0,0.0,7.515336264876274e-12,2.286,True
Quadratic,AdaGrad,"(1, 2)",0.1,1058,0.0,0.00011,1.2686771035406387e-08,50.732,True
Quadratic,Adam,"(1, 2)",0.1,239,-0.0,1e-05,6.803796810226481e-11,14.466,True
Quadratic,Newton,"(1, 2)",0.1,121,0.0,1e-05,4.2233526549338586e-11,12.321,True
Quadratic,Newton,"(1, 2)",0.5,22,0.0,0.0,2.8421715683180675e-13,1.776,True
Quadratic,Newton,"(1, 2)",1.0,2,0.0,0.0,3.124999898594745e-33,0.249,True
Quadratic,Gradient Descent,"(-3, 4)",0.001,4770,-0.00021,0.00028,1.2685391941453475e-07,231.649,True
Quadratic,AdaGrad,"(-3, 4)",0.001,100000,-2.39284,3.38657,17.19454549519297,5613.741,False
Quadratic,Adam,"(-3, 4)",0.001,8264,-0.0,0.00021,4.3497881816764796e-08,1494.431,True
Quadratic,Gradient Descent,"(-3, 4)",0.01,588,-2e-05,3e-05,1.201724797908115e-09,16.04,True
Quadratic,AdaGrad,"(-3, 4)",0.01,100000,-0.0224,0.20375,0.04201520607929227,7526.707,False
Quadratic,Adam,"(-3, 4)",0.01,1555,-0.0,8e-05,5.984902728572668e-09,425.886,True
Quadratic,Gradient Descent,"(-3, 4)",0.1,65,-0.0,0.0,6.304320991423124e-12,3.002,True
Quadratic,AdaGrad,"(-3, 4)",0.1,3711,-0.0,0.00043,1.8136786968045896e-07,295.556,True
Quadratic,Adam,"(-3, 4)",0.1,238,1e-05,-2e-05,6.162960652289359e-10,47.626,True
Quadratic,Newton,"(-3, 4)",0.1,129,-0.0,1e-05,3.912978901898765e-11,18.024,True
Quadratic,Newton,"(-3, 4)",0.5,23,-0.0,0.0,3.55271449592473e-13,2.555,True
Quadratic,Newton,"(-3, 4)",1.0,2,-0.0,0.0,1.5624999617050814e-32,0.41,True
Rosenbrock,Gradient Descent,"(1, 2)",0.001,16612,1.00083,1.00167,6.960707359706678e-07,586.979,True
Rosenbrock,AdaGrad,"(1, 2)",0.001,59012,1.29687,1.71835,0.2212580958756148,3078.084,True
Rosenbrock,Adam,"(1, 2)",0.001,13822,1.00007,1.00015,5.471817252180609e-09,750.216,True
Rosenbrock,Gradient Descent,"(1, 2)",0.01,100000,-9999.0,9999.0,9.994001300880004e+17,3220.658,False
Rosenbrock,AdaGrad,"(1, 2)",0.01,100000,1.2687,1.61039,0.07226194909289076,7242.043,False
Rosenbrock,Adam,"(1, 2)",0.01,6820,1.00007,1.00014,4.8797306281877525e-09,450.225,True
Rosenbrock,Gradient Descent,"(1, 2)",0.1,100000,-9999.0,9999.0,9.994001300880004e+17,3089.664,False
Rosenbrock,AdaGrad,"(1, 2)",0.1,44351,1.0029,1.00582,8.438253194607217e-06,2846.318,True
Rosenbrock,Adam,"(1, 2)",0.1,2209,1.00004,1.00008,1.6096104155857496e-09,127.587,True
Rosenbrock,Newton,"(1, 2)",0.1,111,1.0,1.00001,6.947636627733154e-09,13.251,True
Rosenbrock,Newton,"(1, 2)",0.5,20,1.0,1.0,9.09494703043478e-11,1.84,True
Rosenbrock,Newton,"(1, 2)",1.0,2,1.0,1.0,4.543838814073028e-28,0.57,True
Rosenbrock,Gradient Descent,"(-3, 4)",0.001,100000,9999.0,9999.0,9.994001300879604e+17,3724.089,False
Rosenbrock,AdaGrad,"(-3, 4)",0.001,100000,-2.49704,4.52122,306.00636408459695,6241.349,False
Rosenbrock,Adam,"(-3, 4)",0.001,21934,0.99993,0.99985,5.257269893908631e-09,1605.402,True
Rosenbrock,Gradient Descent,"(-3, 4)",0.01,100000,-9999.0,9999.0,9.994001300880004e+17,4362.205,False
Rosenbrock,AdaGrad,"(-3, 4)",0.01,12403,-2.20269,4.84951,10.257781799312172,1852.043,True
Rosenbrock,Adam,"(-3, 4)",0.01,12111,0.99994,0.99987,3.926208045869419e-09,2396.792,True
Rosenbrock,Gradient Descent,"(-3, 4)",0.1,100000,-9999.0,9999.0,9.994001300880004e+17,4364.766,False
Rosenbrock,AdaGrad,"(-3, 4)",0.1,100000,-0.97425,0.95335,3.899417203114774,11314.009,False
Rosenbrock,Adam,"(-3, 4)",0.1,5611,0.99994,0.99989,3.2287296762169367e-09,482.038,True
Rosenbrock,Newton,"(-3, 4)",0.1,260,1.0,0.99999,8.464834122769377e-12,29.56,True
Rosenbrock,Newton,"(-3, 4)",0.5,62,1.0,1.0,6.965326268570329e-14,6.316,True
Rosenbrock,Newton,"(-3, 4)",1.0,6,1.0,1.0,7.888609052210118e-31,0.553,True
CosineBumps,Gradient Descent,"(1, 2)",0.001,1014,2.59566,2.59572,-3.6179666500507075,39.15,True
CosineBumps,AdaGrad,"(1, 2)",0.001,100000,1.63567,2.48589,0.280601938872552,9187.091,False
CosineBumps,Adam,"(1, 2)",0.001,3542,2.59558,2.59574,-3.6179665461233323,652.202,True
CosineBumps,Gradient Descent,"(1, 2)",0.01,119,2.59573,2.59574,-3.617966683377741,4.42,True
CosineBumps,AdaGrad,"(1, 2)",0.01,22792,2.5918,2.59574,-3.6178848586258585,1839.08,True
CosineBumps,Adam,"(1, 2)",0.01,397,2.59573,2.59574,-3.617966683142468,87.316,True
CosineBumps,Gradient Descent,"(1, 2)",0.1,8,2.59574,2.59574,-3.6179666836429334,0.906,True
CosineBumps,AdaGrad,"(1, 2)",0.1,447,2.5957,2.59574,-3.6179666744192076,96.885,True
CosineBumps,Adam,"(1, 2)",0.1,217,2.59572,2.59573,-3.617966682095952,34.253,True
CosineBumps,Newton,"(1, 2)",0.1,113,1e-05,2.59574,8.191016658126049,30.075,True
CosineBumps,Newton,"(1, 2)",0.5,19,0.0,2.59574,8.191016658180406,12.86,True
CosineBumps,Newton,"(1, 2)",1.0,6,0.0,2.59574,8.191016658178533,1.804,True
CosineBumps,Gradient Descent,"(-3, 4)",0.001,916,-2.59576,2.59581,-3.6179666548649205,80.009,True
CosineBumps,AdaGrad,"(-3, 4)",0.001,100000,-2.61926,3.41968,0.2722949371061052,10003.106,False
CosineBumps,Adam,"(-3, 4)",0.001,4070,-2.59574,2.59593,-3.6179664950672326,286.678,True
CosineBumps,Gradient Descent,"(-3, 4)",0.01,109,-2.59574,2.59575,-3.617966683427932,4.98,True
CosineBumps,AdaGrad,"(-3, 4)",0.01,26789,-2.59574,2.60118,-3.617810412491325,2786.959,True
CosineBumps,Adam,"(-3, 4)",0.01,550,-2.59574,2.59577,-3.6179666794374743,119.87,True
CosineBumps,Gradient Descent,"(-3, 4)",0.1,6,-2.59574,2.59574,-3.61796668364293,0.269,True
CosineBumps,AdaGrad,"(-3, 4)",0.1,595,-2.59574,2.5958,-3.6179666632515524,84.533,True
CosineBumps,Adam,"(-3, 4)",0.1,214,-2.59573,2.59572,-3.6179666813174247,22.649,True
CosineBumps,Newton,"(-3, 4)",0.1,117,-2.59574,2.59575,-3.617966683403658,19.743,True
CosineBumps,Newton,"(-3, 4)",0.5,21,-2.59574,2.59574,-3.6179666836411393,2.002,True
CosineBumps,Newton,"(-3, 4)",1.0,5,-2.59574,2.59574,-3.6179666836429316,2.339,True
